Category,Type,Reviews,Reviews-2,Reviews-3
ART_AND_DESIGN,Free,224399,224399,224399
ART_AND_DESIGN,Free,295221,295221,295221
ART_AND_DESIGN,Free,295237,295237,295237
AUTO_AND_VEHICLES,Free,271920,271920,271920
BOOKS_AND_REFERENCE,Free,233757,233757,233757
BOOKS_AND_REFERENCE,Free,246315,246315,246315
BOOKS_AND_REFERENCE,Free,264260,264260,264260
BOOKS_AND_REFERENCE,Free,341157,341157,341157
BOOKS_AND_REFERENCE,Free,341234,341234,341234
BOOKS_AND_REFERENCE,Free,361780,361780,361780
BOOKS_AND_REFERENCE,Free,363934,363934,363934
BOOKS_AND_REFERENCE,Free,364452,364452,364452
BOOKS_AND_REFERENCE,Free,384368,384368,384368
BOOKS_AND_REFERENCE,Free,445756,445756,445756
BOOKS_AND_REFERENCE,Free,454060,454060,454060
BOOKS_AND_REFERENCE,Free,454412,454412,454412
BOOKS_AND_REFERENCE,Free,497826,497826,497826
BOOKS_AND_REFERENCE,Free,568922,568922,568922
BOOKS_AND_REFERENCE,Free,577550,577550,577550
BOOKS_AND_REFERENCE,Free,814080,814080,814080
BOOKS_AND_REFERENCE,Free,814151,814151,814151
BOOKS_AND_REFERENCE,Free,899010,899010,899010
BOOKS_AND_REFERENCE,Free,922752,922752,922752
BOOKS_AND_REFERENCE,Free,1433233,1433233,1433233
BOOKS_AND_REFERENCE,Free,2440695,2440695,2440695
BOOKS_AND_REFERENCE,Free,2914724,2914724,2914724
BOOKS_AND_REFERENCE,Free,2915189,2915189,2915189
BUSINESS,Free,286897,286897,286897
BUSINESS,Free,286897,286897,286897
BUSINESS,Free,380837,380837,380837
BUSINESS,Free,674730,674730,674730
BUSINESS,Free,758590,758590,758590
BUSINESS,Free,984451,984451,984451
BUSINESS,Free,1002859,1002859,1002859
BUSINESS,Free,1002861,1002861,1002861
BUSINESS,Free,1254730,1254730,1254730
BUSINESS,Free,1279184,1279184,1279184
BUSINESS,Free,1279800,1279800,1279800
COMICS,Free,238970,238970,238970
COMICS,Free,564387,564387,564387
COMICS,Free,1013635,1013635,1013635
COMICS,Free,1013944,1013944,1013944
COMMUNICATION,Free,226541,226541,226541
COMMUNICATION,Free,230564,230564,230564
COMMUNICATION,Free,237468,237468,237468
COMMUNICATION,Free,244863,244863,244863
COMMUNICATION,Free,244863,244863,244863
COMMUNICATION,Free,258556,258556,258556
COMMUNICATION,Free,298041,298041,298041
COMMUNICATION,Free,305218,305218,305218
COMMUNICATION,Free,305347,305347,305347
COMMUNICATION,Free,330761,330761,330761
COMMUNICATION,Free,335646,335646,335646
COMMUNICATION,Free,346980,346980,346980
COMMUNICATION,Free,346982,346982,346982
COMMUNICATION,Free,347086,347086,347086
COMMUNICATION,Free,349384,349384,349384
COMMUNICATION,Free,350154,350154,350154
COMMUNICATION,Free,350154,350154,350154
COMMUNICATION,Free,401530,401530,401530
COMMUNICATION,Free,437674,437674,437674
COMMUNICATION,Free,457283,457283,457283
COMMUNICATION,Free,483565,483565,483565
COMMUNICATION,Free,483782,483782,483782
COMMUNICATION,Free,541389,541389,541389
COMMUNICATION,Free,541389,541389,541389
COMMUNICATION,Free,541661,541661,541661
COMMUNICATION,Free,552441,552441,552441
COMMUNICATION,Free,552635,552635,552635
COMMUNICATION,Free,594720,594720,594720
COMMUNICATION,Free,594728,594728,594728
COMMUNICATION,Free,594728,594728,594728
COMMUNICATION,Free,615381,615381,615381
COMMUNICATION,Free,659395,659395,659395
COMMUNICATION,Free,659395,659395,659395
COMMUNICATION,Free,697939,697939,697939
COMMUNICATION,Free,781810,781810,781810
COMMUNICATION,Free,781810,781810,781810
COMMUNICATION,Free,837842,837842,837842
COMMUNICATION,Free,1042170,1042170,1042170
COMMUNICATION,Free,1092337,1092337,1092337
COMMUNICATION,Free,1130966,1130966,1130966
COMMUNICATION,Free,1133501,1133501,1133501
COMMUNICATION,Free,1133539,1133539,1133539
COMMUNICATION,Free,1429035,1429035,1429035
COMMUNICATION,Free,1429038,1429038,1429038
COMMUNICATION,Free,2083237,2083237,2083237
COMMUNICATION,Free,2083237,2083237,2083237
COMMUNICATION,Free,2264916,2264916,2264916
COMMUNICATION,Free,2265084,2265084,2265084
COMMUNICATION,Free,2451083,2451083,2451083
COMMUNICATION,Free,2451093,2451093,2451093
COMMUNICATION,Free,2451136,2451136,2451136
COMMUNICATION,Free,2473509,2473509,2473509
COMMUNICATION,Free,2473693,2473693,2473693
COMMUNICATION,Free,2473795,2473795,2473795
COMMUNICATION,Free,2511130,2511130,2511130
COMMUNICATION,Free,2546527,2546527,2546527
COMMUNICATION,Free,2546527,2546527,2546527
COMMUNICATION,Free,2546549,2546549,2546549
COMMUNICATION,Free,2876500,2876500,2876500
COMMUNICATION,Free,3075028,3075028,3075028
COMMUNICATION,Free,3075096,3075096,3075096
COMMUNICATION,Free,3075118,3075118,3075118
COMMUNICATION,Free,3128250,3128250,3128250
COMMUNICATION,Free,3128509,3128509,3128509
COMMUNICATION,Free,3128611,3128611,3128611
COMMUNICATION,Free,3419249,3419249,3419249
COMMUNICATION,Free,3419433,3419433,3419433
COMMUNICATION,Free,3419464,3419464,3419464
COMMUNICATION,Free,3419513,3419513,3419513
COMMUNICATION,Free,3648120,3648120,3648120
COMMUNICATION,Free,3648480,3648480,3648480
COMMUNICATION,Free,3648765,3648765,3648765
COMMUNICATION,Free,4187998,4187998,4187998
COMMUNICATION,Free,4188142,4188142,4188142
COMMUNICATION,Free,4188345,4188345,4188345
COMMUNICATION,Free,4604324,4604324,4604324
COMMUNICATION,Free,4604324,4604324,4604324
COMMUNICATION,Free,4604483,4604483,4604483
COMMUNICATION,Free,4785892,4785892,4785892
COMMUNICATION,Free,4785892,4785892,4785892
COMMUNICATION,Free,4785988,4785988,4785988
COMMUNICATION,Free,4785988,4785988,4785988
COMMUNICATION,Free,5149854,5149854,5149854
COMMUNICATION,Free,5150471,5150471,5150471
COMMUNICATION,Free,5150801,5150801,5150801
COMMUNICATION,Free,5387333,5387333,5387333
COMMUNICATION,Free,5387446,5387446,5387446
COMMUNICATION,Free,5387446,5387446,5387446
COMMUNICATION,Free,5387631,5387631,5387631
COMMUNICATION,Free,7820209,7820209,7820209
COMMUNICATION,Free,7820775,7820775,7820775
COMMUNICATION,Free,9642112,9642112,9642112
COMMUNICATION,Free,9642995,9642995,9642995
COMMUNICATION,Free,9643041,9643041,9643041
COMMUNICATION,Free,10484169,10484169,10484169
COMMUNICATION,Free,10484169,10484169,10484169
COMMUNICATION,Free,10484169,10484169,10484169
COMMUNICATION,Free,10790092,10790092,10790092
COMMUNICATION,Free,10790289,10790289,10790289
COMMUNICATION,Free,10790289,10790289,10790289
COMMUNICATION,Free,11334799,11334799,11334799
COMMUNICATION,Free,11334973,11334973,11334973
COMMUNICATION,Free,11334973,11334973,11334973
COMMUNICATION,Free,11335255,11335255,11335255
COMMUNICATION,Free,11335481,11335481,11335481
COMMUNICATION,Free,12842860,12842860,12842860
COMMUNICATION,Free,12843436,12843436,12843436
COMMUNICATION,Free,17712922,17712922,17712922
COMMUNICATION,Free,17712922,17712922,17712922
COMMUNICATION,Free,17714850,17714850,17714850
COMMUNICATION,Free,56642847,56642847,56642847
COMMUNICATION,Free,56642847,56642847,56642847
COMMUNICATION,Free,56646578,56646578,56646578
COMMUNICATION,Free,69109672,69109672,69109672
COMMUNICATION,Free,69119316,69119316,69119316
COMMUNICATION,Free,69119316,69119316,69119316
DATING,Free,222888,222888,222888
DATING,Free,222888,222888,222888
DATING,Free,243950,243950,243950
DATING,Free,285726,285726,285726
DATING,Free,285726,285726,285726
DATING,Free,285838,285838,285838
DATING,Free,305708,305708,305708
DATING,Free,305708,305708,305708
DATING,Free,305737,305737,305737
DATING,Free,313724,313724,313724
DATING,Free,313724,313724,313724
DATING,Free,313769,313769,313769
DATING,Free,516801,516801,516801
DATING,Free,516917,516917,516917
EDUCATION,Free,248555,248555,248555
EDUCATION,Free,248912,248912,248912
EDUCATION,Free,254519,254519,254519
EDUCATION,Free,256079,256079,256079
EDUCATION,Free,266935,266935,266935
EDUCATION,Free,266948,266948,266948
EDUCATION,Free,266948,266948,266948
EDUCATION,Free,272145,272145,272145
EDUCATION,Free,314299,314299,314299
EDUCATION,Free,314300,314300,314300
EDUCATION,Free,342918,342918,342918
EDUCATION,Free,1107884,1107884,1107884
EDUCATION,Free,1107903,1107903,1107903
EDUCATION,Free,1107903,1107903,1107903
EDUCATION,Free,1107948,1107948,1107948
EDUCATION,Free,6289924,6289924,6289924
EDUCATION,Free,6290507,6290507,6290507
EDUCATION,Free,6290507,6290507,6290507
EDUCATION,Free,6290507,6290507,6290507
ENTERTAINMENT,Free,235496,235496,235496
ENTERTAINMENT,Free,243747,243747,243747
ENTERTAINMENT,Free,243747,243747,243747
ENTERTAINMENT,Free,256664,256664,256664
ENTERTAINMENT,Free,288150,288150,288150
ENTERTAINMENT,Free,288150,288150,288150
ENTERTAINMENT,Free,288150,288150,288150
ENTERTAINMENT,Free,296771,296771,296771
ENTERTAINMENT,Free,296771,296771,296771
ENTERTAINMENT,Free,296829,296829,296829
ENTERTAINMENT,Free,310066,310066,310066
ENTERTAINMENT,Free,310066,310066,310066
ENTERTAINMENT,Free,310095,310095,310095
ENTERTAINMENT,Free,319691,319691,319691
ENTERTAINMENT,Free,319691,319691,319691
ENTERTAINMENT,Free,319692,319692,319692
ENTERTAINMENT,Free,388089,388089,388089
ENTERTAINMENT,Free,388089,388089,388089
ENTERTAINMENT,Free,388089,388089,388089
ENTERTAINMENT,Free,407698,407698,407698
ENTERTAINMENT,Free,407719,407719,407719
ENTERTAINMENT,Free,407719,407719,407719
ENTERTAINMENT,Free,411683,411683,411683
ENTERTAINMENT,Free,470089,470089,470089
ENTERTAINMENT,Free,501497,501497,501497
ENTERTAINMENT,Free,501498,501498,501498
ENTERTAINMENT,Free,501498,501498,501498
ENTERTAINMENT,Free,613059,613059,613059
ENTERTAINMENT,Free,653008,653008,653008
ENTERTAINMENT,Free,653008,653008,653008
ENTERTAINMENT,Free,653008,653008,653008
ENTERTAINMENT,Free,684116,684116,684116
ENTERTAINMENT,Free,702975,702975,702975
ENTERTAINMENT,Free,736864,736864,736864
ENTERTAINMENT,Free,787177,787177,787177
ENTERTAINMENT,Free,1633682,1633682,1633682
ENTERTAINMENT,Free,1828284,1828284,1828284
ENTERTAINMENT,Free,2133296,2133296,2133296
ENTERTAINMENT,Free,4885646,4885646,4885646
ENTERTAINMENT,Free,5456208,5456208,5456208
ENTERTAINMENT,Free,5456208,5456208,5456208
ENTERTAINMENT,Free,5456599,5456599,5456599
ENTERTAINMENT,Free,5456708,5456708,5456708
ENTERTAINMENT,Free,7165362,7165362,7165362
FAMILY,Free,221691,221691,221691
FAMILY,Free,222308,222308,222308
FAMILY,Free,222664,222664,222664
FAMILY,Free,227401,227401,227401
FAMILY,Free,228130,228130,228130
FAMILY,Free,233588,233588,233588
FAMILY,Free,235486,235486,235486
FAMILY,Free,235906,235906,235906
FAMILY,Free,242722,242722,242722
FAMILY,Free,244039,244039,244039
FAMILY,Free,244797,244797,244797
FAMILY,Free,245839,245839,245839
FAMILY,Free,246705,246705,246705
FAMILY,Free,250257,250257,250257
FAMILY,Free,252006,252006,252006
FAMILY,Free,253115,253115,253115
FAMILY,Free,254861,254861,254861
FAMILY,Free,256219,256219,256219
FAMILY,Free,256916,256916,256916
FAMILY,Free,263454,263454,263454
FAMILY,Free,267636,267636,267636
FAMILY,Free,267787,267787,267787
FAMILY,Free,269194,269194,269194
FAMILY,Free,272321,272321,272321
FAMILY,Free,275048,275048,275048
FAMILY,Free,281448,281448,281448
FAMILY,Free,283823,283823,283823
FAMILY,Free,288209,288209,288209
FAMILY,Free,288523,288523,288523
FAMILY,Free,288606,288606,288606
FAMILY,Free,288835,288835,288835
FAMILY,Free,303394,303394,303394
FAMILY,Free,305765,305765,305765
FAMILY,Free,306652,306652,306652
FAMILY,Free,308944,308944,308944
FAMILY,Free,318867,318867,318867
FAMILY,Free,319777,319777,319777
FAMILY,Free,322976,322976,322976
FAMILY,Free,328619,328619,328619
FAMILY,Free,344283,344283,344283
FAMILY,Free,344383,344383,344383
FAMILY,Free,351607,351607,351607
FAMILY,Free,353342,353342,353342
FAMILY,Free,354384,354384,354384
FAMILY,Free,354454,354454,354454
FAMILY,Free,355613,355613,355613
FAMILY,Free,355837,355837,355837
FAMILY,Free,357049,357049,357049
FAMILY,Free,361734,361734,361734
FAMILY,Free,361970,361970,361970
FAMILY,Free,364013,364013,364013
FAMILY,Free,367951,367951,367951
FAMILY,Free,369378,369378,369378
FAMILY,Free,376223,376223,376223
FAMILY,Free,379245,379245,379245
FAMILY,Free,379415,379415,379415
FAMILY,Free,384602,384602,384602
FAMILY,Free,392596,392596,392596
FAMILY,Free,392596,392596,392596
FAMILY,Free,392819,392819,392819
FAMILY,Free,394842,394842,394842
FAMILY,Free,397147,397147,397147
FAMILY,Free,398746,398746,398746
FAMILY,Free,401211,401211,401211
FAMILY,Free,405824,405824,405824
FAMILY,Free,407694,407694,407694
FAMILY,Free,412744,412744,412744
FAMILY,Free,417197,417197,417197
FAMILY,Free,419375,419375,419375
FAMILY,Free,450013,450013,450013
FAMILY,Free,456474,456474,456474
FAMILY,Free,469851,469851,469851
FAMILY,Free,470694,470694,470694
FAMILY,Free,470713,470713,470713
FAMILY,Free,472247,472247,472247
FAMILY,Free,472584,472584,472584
FAMILY,Free,472584,472584,472584
FAMILY,Free,475020,475020,475020
FAMILY,Free,475944,475944,475944
FAMILY,Free,484226,484226,484226
FAMILY,Free,484858,484858,484858
FAMILY,Free,488039,488039,488039
FAMILY,Free,503757,503757,503757
FAMILY,Free,514088,514088,514088
FAMILY,Free,520609,520609,520609
FAMILY,Free,520654,520654,520654
FAMILY,Free,525552,525552,525552
FAMILY,Free,525552,525552,525552
FAMILY,Free,528745,528745,528745
FAMILY,Free,528917,528917,528917
FAMILY,Free,530792,530792,530792
FAMILY,Free,530792,530792,530792
FAMILY,Free,530854,530854,530854
FAMILY,Free,530904,530904,530904
FAMILY,Free,539931,539931,539931
FAMILY,Free,556659,556659,556659
FAMILY,Free,556929,556929,556929
FAMILY,Free,559597,559597,559597
FAMILY,Free,567632,567632,567632
FAMILY,Free,576210,576210,576210
FAMILY,Free,580160,580160,580160
FAMILY,Free,584070,584070,584070
FAMILY,Paid,591411,591411,591411
FAMILY,Free,596628,596628,596628
FAMILY,Free,598975,598975,598975
FAMILY,Free,623398,623398,623398
FAMILY,Free,623398,623398,623398
FAMILY,Free,636228,636228,636228
FAMILY,Free,636995,636995,636995
FAMILY,Free,660613,660613,660613
FAMILY,Free,672089,672089,672089
FAMILY,Free,673203,673203,673203
FAMILY,Free,687136,687136,687136
FAMILY,Free,690148,690148,690148
FAMILY,Free,705805,705805,705805
FAMILY,Free,720685,720685,720685
FAMILY,Free,721646,721646,721646
FAMILY,Free,736824,736824,736824
FAMILY,Free,750321,750321,750321
FAMILY,Free,762706,762706,762706
FAMILY,Free,764967,764967,764967
FAMILY,Free,787107,787107,787107
FAMILY,Free,807155,807155,807155
FAMILY,Free,853495,853495,853495
FAMILY,Free,860078,860078,860078
FAMILY,Free,877576,877576,877576
FAMILY,Free,886418,886418,886418
FAMILY,Free,899748,899748,899748
FAMILY,Free,903392,903392,903392
FAMILY,Free,920571,920571,920571
FAMILY,Free,931503,931503,931503
FAMILY,Free,944661,944661,944661
FAMILY,Free,1013465,1013465,1013465
FAMILY,Free,1014822,1014822,1014822
FAMILY,Free,1014846,1014846,1014846
FAMILY,Free,1111915,1111915,1111915
FAMILY,Free,1131937,1131937,1131937
FAMILY,Free,1168959,1168959,1168959
FAMILY,Free,1260903,1260903,1260903
FAMILY,Free,1275373,1275373,1275373
FAMILY,Free,1295293,1295293,1295293
FAMILY,Free,1304467,1304467,1304467
FAMILY,Free,1309728,1309728,1309728
FAMILY,Free,1329008,1329008,1329008
FAMILY,Free,1329192,1329192,1329192
FAMILY,Free,1333338,1333338,1333338
FAMILY,Free,1372013,1372013,1372013
FAMILY,Free,1450632,1450632,1450632
FAMILY,Free,1455952,1455952,1455952
FAMILY,Free,1461698,1461698,1461698
FAMILY,Free,1499466,1499466,1499466
FAMILY,Free,1503544,1503544,1503544
FAMILY,Free,1506783,1506783,1506783
FAMILY,Free,1574197,1574197,1574197
FAMILY,Free,1574204,1574204,1574204
FAMILY,Free,1574546,1574546,1574546
FAMILY,Free,1633565,1633565,1633565
FAMILY,Free,1671658,1671658,1671658
FAMILY,Free,1752017,1752017,1752017
FAMILY,Free,1805398,1805398,1805398
FAMILY,Free,1838090,1838090,1838090
FAMILY,Free,1842381,1842381,1842381
FAMILY,Free,1852384,1852384,1852384
FAMILY,Free,2122705,2122705,2122705
FAMILY,Free,2133047,2133047,2133047
FAMILY,Free,2233681,2233681,2233681
FAMILY,Free,2312084,2312084,2312084
FAMILY,Free,2354042,2354042,2354042
FAMILY,Free,2375336,2375336,2375336
FAMILY,Free,2376564,2376564,2376564
FAMILY,Free,2634605,2634605,2634605
FAMILY,Free,2721923,2721923,2721923
FAMILY,Free,2838064,2838064,2838064
FAMILY,Free,3213548,3213548,3213548
FAMILY,Free,3881752,3881752,3881752
FAMILY,Free,4064868,4064868,4064868
FAMILY,Free,4218587,4218587,4218587
FAMILY,Free,4443407,4443407,4443407
FAMILY,Free,4449910,4449910,4449910
FAMILY,Free,4450855,4450855,4450855
FAMILY,Free,4450890,4450890,4450890
FAMILY,Free,4451317,4451317,4451317
FAMILY,Free,4578890,4578890,4578890
FAMILY,Free,5453997,5453997,5453997
FAMILY,Free,5591653,5591653,5591653
FAMILY,Free,6294397,6294397,6294397
FAMILY,Free,6294400,6294400,6294400
FAMILY,Free,6297590,6297590,6297590
FAMILY,Free,7168735,7168735,7168735
FAMILY,Free,7615646,7615646,7615646
FAMILY,Free,9876369,9876369,9876369
FAMILY,Free,10053186,10053186,10053186
FAMILY,Free,10214862,10214862,10214862
FAMILY,Free,10216997,10216997,10216997
FAMILY,Paid,10216997,10216997,10216997
FAMILY,Free,10483141,10483141,10483141
FAMILY,Free,14885236,14885236,14885236
FAMILY,Free,22419455,22419455,22419455
FAMILY,Free,23125280,23125280,23125280
FAMILY,Free,44881447,44881447,44881447
FINANCE,Free,124324,124324,124324
FINANCE,Free,124424,124424,124424
FINANCE,Free,250706,250706,250706
FINANCE,Free,250719,250719,250719
FINANCE,Free,260547,260547,260547
FINANCE,Free,278082,278082,278082
FINANCE,Free,281485,281485,281485
FINANCE,Free,281635,281635,281635
FINANCE,Free,335738,335738,335738
FINANCE,Free,341090,341090,341090
FINANCE,Free,347838,347838,347838
FINANCE,Free,347838,347838,347838
FINANCE,Free,347874,347874,347874
FINANCE,Free,348132,348132,348132
FINANCE,Free,381788,381788,381788
FINANCE,Free,510392,510392,510392
FINANCE,Free,510401,510401,510401
FINANCE,Free,659741,659741,659741
FINANCE,Free,659760,659760,659760
FINANCE,Free,706301,706301,706301
FINANCE,Free,706302,706302,706302
FINANCE,Free,706618,706618,706618
FINANCE,Free,957973,957973,957973
FINANCE,Free,1336246,1336246,1336246
FINANCE,Free,1374549,1374549,1374549
FOOD_AND_DRINK,Free,292969,292969,292969
FOOD_AND_DRINK,Free,321134,321134,321134
FOOD_AND_DRINK,Free,333208,333208,333208
FOOD_AND_DRINK,Free,455377,455377,455377
FOOD_AND_DRINK,Free,455496,455496,455496
FOOD_AND_DRINK,Free,483960,483960,483960
FOOD_AND_DRINK,Free,511228,511228,511228
FOOD_AND_DRINK,Free,511420,511420,511420
FOOD_AND_DRINK,Free,611136,611136,611136
FOOD_AND_DRINK,Free,1032935,1032935,1032935
FOOD_AND_DRINK,Free,1032935,1032935,1032935
GAME,Free,224514,224514,224514
GAME,Free,229329,229329,229329
GAME,Free,230710,230710,230710
GAME,Free,230727,230727,230727
GAME,Free,230727,230727,230727
GAME,Free,230849,230849,230849
GAME,Free,234110,234110,234110
GAME,Free,234589,234589,234589
GAME,Free,234606,234606,234606
GAME,Free,240416,240416,240416
GAME,Free,243121,243121,243121
GAME,Free,245455,245455,245455
GAME,Free,246538,246538,246538
GAME,Free,248417,248417,248417
GAME,Free,249308,249308,249308
GAME,Free,250197,250197,250197
GAME,Free,254258,254258,254258
GAME,Free,254518,254518,254518
GAME,Free,257531,257531,257531
GAME,Free,257724,257724,257724
GAME,Free,260527,260527,260527
GAME,Free,260651,260651,260651
GAME,Free,263907,263907,263907
GAME,Free,264282,264282,264282
GAME,Free,264755,264755,264755
GAME,Free,267229,267229,267229
GAME,Free,267395,267395,267395
GAME,Free,270687,270687,270687
GAME,Free,271214,271214,271214
GAME,Free,275447,275447,275447
GAME,Free,275843,275843,275843
GAME,Free,276105,276105,276105
GAME,Free,280098,280098,280098
GAME,Free,285814,285814,285814
GAME,Free,291941,291941,291941
GAME,Free,292164,292164,292164
GAME,Free,293086,293086,293086
GAME,Free,295241,295241,295241
GAME,Free,295305,295305,295305
GAME,Free,295576,295576,295576
GAME,Free,299046,299046,299046
GAME,Free,301895,301895,301895
GAME,Free,304106,304106,304106
GAME,Free,306764,306764,306764
GAME,Free,307398,307398,307398
GAME,Free,309176,309176,309176
GAME,Free,314774,314774,314774
GAME,Free,320334,320334,320334
GAME,Free,326042,326042,326042
GAME,Free,326689,326689,326689
GAME,Free,327599,327599,327599
GAME,Free,331692,331692,331692
GAME,Free,336386,336386,336386
GAME,Free,337752,337752,337752
GAME,Free,337913,337913,337913
GAME,Free,337913,337913,337913
GAME,Free,338742,338742,338742
GAME,Free,343263,343263,343263
GAME,Free,344585,344585,344585
GAME,Free,344819,344819,344819
GAME,Free,347883,347883,347883
GAME,Free,348962,348962,348962
GAME,Free,349503,349503,349503
GAME,Free,354373,354373,354373
GAME,Free,358633,358633,358633
GAME,Free,358817,358817,358817
GAME,Free,360630,360630,360630
GAME,Free,369203,369203,369203
GAME,Free,371318,371318,371318
GAME,Free,375996,375996,375996
GAME,Free,382100,382100,382100
GAME,Free,391325,391325,391325
GAME,Free,396090,396090,396090
GAME,Free,401425,401425,401425
GAME,Free,401643,401643,401643
GAME,Free,401648,401648,401648
GAME,Free,403911,403911,403911
GAME,Free,406511,406511,406511
GAME,Free,407788,407788,407788
GAME,Free,408292,408292,408292
GAME,Free,413609,413609,413609
GAME,Free,416540,416540,416540
GAME,Free,421000,421000,421000
GAME,Free,422244,422244,422244
GAME,Free,428268,428268,428268
GAME,Free,438911,438911,438911
GAME,Free,446434,446434,446434
GAME,Free,452589,452589,452589
GAME,Free,461137,461137,461137
GAME,Free,462614,462614,462614
GAME,Free,464900,464900,464900
GAME,Free,466495,466495,466495
GAME,Free,475369,475369,475369
GAME,Free,484981,484981,484981
GAME,Free,499483,499483,499483
GAME,Free,504765,504765,504765
GAME,Free,506275,506275,506275
GAME,Free,506275,506275,506275
GAME,Free,506593,506593,506593
GAME,Free,515240,515240,515240
GAME,Free,515657,515657,515657
GAME,Free,520962,520962,520962
GAME,Free,522466,522466,522466
GAME,Free,524467,524467,524467
GAME,Free,525517,525517,525517
GAME,Free,526595,526595,526595
GAME,Free,528550,528550,528550
GAME,Free,531074,531074,531074
GAME,Free,531458,531458,531458
GAME,Free,541144,541144,541144
GAME,Free,541732,541732,541732
GAME,Free,547644,547644,547644
GAME,Free,549039,549039,549039
GAME,Free,549720,549720,549720
GAME,Free,562345,562345,562345
GAME,Free,567984,567984,567984
GAME,Free,568391,568391,568391
GAME,Free,579519,579519,579519
GAME,Free,584126,584126,584126
GAME,Free,592068,592068,592068
GAME,Free,592282,592282,592282
GAME,Free,592504,592504,592504
GAME,Free,592504,592504,592504
GAME,Free,617732,617732,617732
GAME,Free,634159,634159,634159
GAME,Free,640974,640974,640974
GAME,Free,650114,650114,650114
GAME,Free,655067,655067,655067
GAME,Free,655145,655145,655145
GAME,Free,685450,685450,685450
GAME,Free,685981,685981,685981
GAME,Free,696019,696019,696019
GAME,Free,697805,697805,697805
GAME,Free,711719,711719,711719
GAME,Free,725897,725897,725897
GAME,Free,745684,745684,745684
GAME,Free,753043,753043,753043
GAME,Free,759838,759838,759838
GAME,Free,760628,760628,760628
GAME,Free,771001,771001,771001
GAME,Free,776730,776730,776730
GAME,Free,785622,785622,785622
GAME,Free,794058,794058,794058
GAME,Free,798522,798522,798522
GAME,Free,807226,807226,807226
GAME,Free,807338,807338,807338
GAME,Free,811040,811040,811040
GAME,Free,828489,828489,828489
GAME,Free,829753,829753,829753
GAME,Free,834117,834117,834117
GAME,Free,839206,839206,839206
GAME,Free,889425,889425,889425
GAME,Free,910051,910051,910051
GAME,Free,931595,931595,931595
GAME,Free,946926,946926,946926
GAME,Free,946926,946926,946926
GAME,Free,947515,947515,947515
GAME,Free,951435,951435,951435
GAME,Free,955614,955614,955614
GAME,Free,955656,955656,955656
GAME,Free,989158,989158,989158
GAME,Free,990491,990491,990491
GAME,Free,990586,990586,990586
GAME,Free,990663,990663,990663
GAME,Free,990723,990723,990723
GAME,Free,990796,990796,990796
GAME,Free,995002,995002,995002
GAME,Free,1000417,1000417,1000417
GAME,Free,1000417,1000417,1000417
GAME,Free,1003269,1003269,1003269
GAME,Free,1004709,1004709,1004709
GAME,Free,1017408,1017408,1017408
GAME,Free,1041836,1041836,1041836
GAME,Free,1083571,1083571,1083571
GAME,Free,1092106,1092106,1092106
GAME,Free,1107197,1107197,1107197
GAME,Free,1107310,1107310,1107310
GAME,Free,1117212,1117212,1117212
GAME,Free,1123190,1123190,1123190
GAME,Free,1125017,1125017,1125017
GAME,Free,1125438,1125438,1125438
GAME,Free,1125438,1125438,1125438
GAME,Free,1125566,1125566,1125566
GAME,Free,1128805,1128805,1128805
GAME,Free,1135631,1135631,1135631
GAME,Free,1137267,1137267,1137267
GAME,Free,1137271,1137271,1137271
GAME,Free,1138239,1138239,1138239
GAME,Free,1167143,1167143,1167143
GAME,Free,1185148,1185148,1185148
GAME,Free,1218055,1218055,1218055
GAME,Free,1221896,1221896,1221896
GAME,Free,1226514,1226514,1226514
GAME,Free,1242855,1242855,1242855
GAME,Free,1243017,1243017,1243017
GAME,Free,1295557,1295557,1295557
GAME,Free,1295606,1295606,1295606
GAME,Free,1295625,1295625,1295625
GAME,Free,1295625,1295625,1295625
GAME,Free,1300490,1300490,1300490
GAME,Free,1300619,1300619,1300619
GAME,Free,1305050,1305050,1305050
GAME,Free,1327265,1327265,1327265
GAME,Free,1327269,1327269,1327269
GAME,Free,1343106,1343106,1343106
GAME,Free,1343866,1343866,1343866
GAME,Free,1351068,1351068,1351068
GAME,Free,1351089,1351089,1351089
GAME,Free,1351771,1351771,1351771
GAME,Free,1351833,1351833,1351833
GAME,Free,1375988,1375988,1375988
GAME,Free,1381624,1381624,1381624
GAME,Free,1381820,1381820,1381820
GAME,Free,1385093,1385093,1385093
GAME,Free,1397944,1397944,1397944
GAME,Free,1432447,1432447,1432447
GAME,Free,1432809,1432809,1432809
GAME,Free,1468591,1468591,1468591
GAME,Free,1468638,1468638,1468638
GAME,Free,1480182,1480182,1480182
GAME,Free,1480189,1480189,1480189
GAME,Free,1485806,1485806,1485806
GAME,Free,1497361,1497361,1497361
GAME,Free,1498648,1498648,1498648
GAME,Free,1499373,1499373,1499373
GAME,Free,1500622,1500622,1500622
GAME,Free,1500999,1500999,1500999
GAME,Free,1534466,1534466,1534466
GAME,Free,1535084,1535084,1535084
GAME,Free,1535581,1535581,1535581
GAME,Free,1535973,1535973,1535973
GAME,Free,1535973,1535973,1535973
GAME,Free,1536349,1536349,1536349
GAME,Free,1559650,1559650,1559650
GAME,Free,1591129,1591129,1591129
GAME,Free,1604146,1604146,1604146
GAME,Free,1703479,1703479,1703479
GAME,Free,1704112,1704112,1704112
GAME,Free,1728557,1728557,1728557
GAME,Free,1732263,1732263,1732263
GAME,Free,1736105,1736105,1736105
GAME,Free,1841061,1841061,1841061
GAME,Free,1889250,1889250,1889250
GAME,Free,1889582,1889582,1889582
GAME,Free,1986068,1986068,1986068
GAME,Free,2045554,2045554,2045554
GAME,Free,2119218,2119218,2119218
GAME,Free,2119235,2119235,2119235
GAME,Free,2123381,2123381,2123381
GAME,Free,2123793,2123793,2123793
GAME,Free,2151039,2151039,2151039
GAME,Free,2157930,2157930,2157930
GAME,Free,2157930,2157930,2157930
GAME,Free,2158580,2158580,2158580
GAME,Free,2251012,2251012,2251012
GAME,Free,2308916,2308916,2308916
GAME,Free,2311785,2311785,2311785
GAME,Free,2440877,2440877,2440877
GAME,Free,2468063,2468063,2468063
GAME,Free,2468915,2468915,2468915
GAME,Free,2586261,2586261,2586261
GAME,Free,2610328,2610328,2610328
GAME,Free,2610526,2610526,2610526
GAME,Free,2610622,2610622,2610622
GAME,Free,2610680,2610680,2610680
GAME,Free,2694969,2694969,2694969
GAME,Free,2698348,2698348,2698348
GAME,Free,2698882,2698882,2698882
GAME,Free,2698889,2698889,2698889
GAME,Free,2719142,2719142,2719142
GAME,Free,2750410,2750410,2750410
GAME,Free,2750645,2750645,2750645
GAME,Free,2903386,2903386,2903386
GAME,Free,3039889,3039889,3039889
GAME,Free,3057481,3057481,3057481
GAME,Free,3058687,3058687,3058687
GAME,Free,3073251,3073251,3073251
GAME,Free,3093358,3093358,3093358
GAME,Free,3093932,3093932,3093932
GAME,Free,3197865,3197865,3197865
GAME,Free,3198176,3198176,3198176
GAME,Free,3344300,3344300,3344300
GAME,Free,3452530,3452530,3452530
GAME,Free,3697174,3697174,3697174
GAME,Free,3714270,3714270,3714270
GAME,Free,3715656,3715656,3715656
GAME,Free,3716278,3716278,3716278
GAME,Free,3777822,3777822,3777822
GAME,Free,3778921,3778921,3778921
GAME,Free,3815614,3815614,3815614
GAME,Free,3816799,3816799,3816799
GAME,Free,3846378,3846378,3846378
GAME,Free,3883589,3883589,3883589
GAME,Free,3941129,3941129,3941129
GAME,Free,4000433,4000433,4000433
GAME,Free,4066980,4066980,4066980
GAME,Free,4066989,4066989,4066989
GAME,Free,4067651,4067651,4067651
GAME,Free,4067651,4067651,4067651
GAME,Free,4128732,4128732,4128732
GAME,Free,4129665,4129665,4129665
GAME,Free,4147718,4147718,4147718
GAME,Free,4229977,4229977,4229977
GAME,Free,4230886,4230886,4230886
GAME,Free,4447346,4447346,4447346
GAME,Free,4447388,4447388,4447388
GAME,Free,4448791,4448791,4448791
GAME,Free,4449882,4449882,4449882
GAME,Free,4449910,4449910,4449910
GAME,Free,4487182,4487182,4487182
GAME,Free,4578476,4578476,4578476
GAME,Free,4637439,4637439,4637439
GAME,Free,4638163,4638163,4638163
GAME,Free,4830407,4830407,4830407
GAME,Free,4918776,4918776,4918776
GAME,Free,4920817,4920817,4920817
GAME,Free,4921122,4921122,4921122
GAME,Free,4921409,4921409,4921409
GAME,Free,4921451,4921451,4921451
GAME,Free,4972230,4972230,4972230
GAME,Free,5091448,5091448,5091448
GAME,Free,5231553,5231553,5231553
GAME,Free,5234162,5234162,5234162
GAME,Free,5234810,5234810,5234810
GAME,Free,5234825,5234825,5234825
GAME,Free,5235294,5235294,5235294
GAME,Free,5235294,5235294,5235294
GAME,Free,5387639,5387639,5387639
GAME,Free,5387781,5387781,5387781
GAME,Free,5418675,5418675,5418675
GAME,Free,5419676,5419676,5419676
GAME,Free,5419676,5419676,5419676
GAME,Free,5465624,5465624,5465624
GAME,Free,5476569,5476569,5476569
GAME,Free,5476569,5476569,5476569
GAME,Free,5534114,5534114,5534114
GAME,Free,5565856,5565856,5565856
GAME,Free,5566669,5566669,5566669
GAME,Free,5566805,5566805,5566805
GAME,Free,5566889,5566889,5566889
GAME,Free,5566908,5566908,5566908
GAME,Free,6071542,6071542,6071542
GAME,Free,6074334,6074334,6074334
GAME,Free,6074627,6074627,6074627
GAME,Free,6181640,6181640,6181640
GAME,Free,6198563,6198563,6198563
GAME,Free,6198880,6198880,6198880
GAME,Free,6199095,6199095,6199095
GAME,Free,6427773,6427773,6427773
GAME,Free,7614130,7614130,7614130
GAME,Free,7614271,7614271,7614271
GAME,Free,7614407,7614407,7614407
GAME,Free,7614415,7614415,7614415
GAME,Free,7657490,7657490,7657490
GAME,Free,7671249,7671249,7671249
GAME,Free,7672495,7672495,7672495
GAME,Free,7672495,7672495,7672495
GAME,Free,7674252,7674252,7674252
GAME,Free,7674252,7674252,7674252
GAME,Free,8116142,8116142,8116142
GAME,Free,8118609,8118609,8118609
GAME,Free,8118880,8118880,8118880
GAME,Free,8118937,8118937,8118937
GAME,Free,8118937,8118937,8118937
GAME,Free,8119151,8119151,8119151
GAME,Free,8119154,8119154,8119154
GAME,Free,8219586,8219586,8219586
GAME,Free,8389714,8389714,8389714
GAME,Free,8921451,8921451,8921451
GAME,Free,8923587,8923587,8923587
GAME,Free,8923818,8923818,8923818
GAME,Free,8923847,8923847,8923847
GAME,Free,9881829,9881829,9881829
GAME,Free,9881908,9881908,9881908
GAME,Free,9882639,9882639,9882639
GAME,Free,9883367,9883367,9883367
GAME,Free,9883806,9883806,9883806
GAME,Free,10055521,10055521,10055521
GAME,Free,10216538,10216538,10216538
GAME,Free,10421284,10421284,10421284
GAME,Free,10424925,10424925,10424925
GAME,Free,10485308,10485308,10485308
GAME,Free,10485334,10485334,10485334
GAME,Free,10486018,10486018,10486018
GAME,Free,10979062,10979062,10979062
GAME,Free,10981850,10981850,10981850
GAME,Free,14198297,14198297,14198297
GAME,Free,14198602,14198602,14198602
GAME,Free,14200344,14200344,14200344
GAME,Free,14200550,14200550,14200550
GAME,Free,14201604,14201604,14201604
GAME,Free,14201891,14201891,14201891
GAME,Free,14891223,14891223,14891223
GAME,Free,14892469,14892469,14892469
GAME,Free,22426677,22426677,22426677
GAME,Free,22428456,22428456,22428456
GAME,Free,22428456,22428456,22428456
GAME,Free,22429716,22429716,22429716
GAME,Free,22430188,22430188,22430188
GAME,Free,22430188,22430188,22430188
GAME,Free,23133508,23133508,23133508
GAME,Free,23134775,23134775,23134775
GAME,Free,23136735,23136735,23136735
GAME,Free,27711703,27711703,27711703
GAME,Free,27722264,27722264,27722264
GAME,Free,27723193,27723193,27723193
GAME,Free,27724094,27724094,27724094
GAME,Free,27725352,27725352,27725352
GAME,Free,27725352,27725352,27725352
GAME,Free,44891723,44891723,44891723
GAME,Free,44891723,44891723,44891723
GAME,Free,44893888,44893888,44893888
HEALTH_AND_FITNESS,Free,121838,121838,121838
HEALTH_AND_FITNESS,Free,220125,220125,220125
HEALTH_AND_FITNESS,Free,229210,229210,229210
HEALTH_AND_FITNESS,Free,229214,229214,229214
HEALTH_AND_FITNESS,Free,232153,232153,232153
HEALTH_AND_FITNESS,Free,233243,233243,233243
HEALTH_AND_FITNESS,Free,233243,233243,233243
HEALTH_AND_FITNESS,Free,249855,249855,249855
HEALTH_AND_FITNESS,Free,251534,251534,251534
HEALTH_AND_FITNESS,Free,251534,251534,251534
HEALTH_AND_FITNESS,Free,251618,251618,251618
HEALTH_AND_FITNESS,Free,270267,270267,270267
HEALTH_AND_FITNESS,Free,270294,270294,270294
HEALTH_AND_FITNESS,Free,270294,270294,270294
HEALTH_AND_FITNESS,Free,272172,272172,272172
HEALTH_AND_FITNESS,Free,272337,272337,272337
HEALTH_AND_FITNESS,Free,318134,318134,318134
HEALTH_AND_FITNESS,Free,325738,325738,325738
HEALTH_AND_FITNESS,Free,328469,328469,328469
HEALTH_AND_FITNESS,Free,357417,357417,357417
HEALTH_AND_FITNESS,Free,399009,399009,399009
HEALTH_AND_FITNESS,Free,400592,400592,400592
HEALTH_AND_FITNESS,Free,428156,428156,428156
HEALTH_AND_FITNESS,Free,432160,432160,432160
HEALTH_AND_FITNESS,Free,471036,471036,471036
HEALTH_AND_FITNESS,Free,480208,480208,480208
HEALTH_AND_FITNESS,Free,501144,501144,501144
HEALTH_AND_FITNESS,Free,501144,501144,501144
HEALTH_AND_FITNESS,Free,524299,524299,524299
HEALTH_AND_FITNESS,Free,548021,548021,548021
HEALTH_AND_FITNESS,Free,559186,559186,559186
HEALTH_AND_FITNESS,Free,559262,559262,559262
HEALTH_AND_FITNESS,Free,570242,570242,570242
HEALTH_AND_FITNESS,Free,708674,708674,708674
HEALTH_AND_FITNESS,Free,708710,708710,708710
HEALTH_AND_FITNESS,Free,708710,708710,708710
HEALTH_AND_FITNESS,Free,708753,708753,708753
HEALTH_AND_FITNESS,Free,827597,827597,827597
HEALTH_AND_FITNESS,Free,827651,827651,827651
HEALTH_AND_FITNESS,Free,827653,827653,827653
HEALTH_AND_FITNESS,Free,1873516,1873516,1873516
HEALTH_AND_FITNESS,Free,1873520,1873520,1873520
HEALTH_AND_FITNESS,Free,1873520,1873520,1873520
HEALTH_AND_FITNESS,Free,1873523,1873523,1873523
HEALTH_AND_FITNESS,Free,1873523,1873523,1873523
HEALTH_AND_FITNESS,Free,4559407,4559407,4559407
HOUSE_AND_HOME,Free,353799,353799,353799
HOUSE_AND_HOME,Free,353800,353800,353800
HOUSE_AND_HOME,Free,353813,353813,353813
HOUSE_AND_HOME,Free,353813,353813,353813
HOUSE_AND_HOME,Free,417907,417907,417907
HOUSE_AND_HOME,Free,417907,417907,417907
LIBRARIES_AND_DEMO,Free,332083,332083,332083
LIFESTYLE,Free,234971,234971,234971
LIFESTYLE,Free,246201,246201,246201
LIFESTYLE,Free,258717,258717,258717
LIFESTYLE,Free,284670,284670,284670
LIFESTYLE,Free,367505,367505,367505
LIFESTYLE,Free,398307,398307,398307
LIFESTYLE,Free,407589,407589,407589
LIFESTYLE,Free,726074,726074,726074
LIFESTYLE,Free,815280,815280,815280
LIFESTYLE,Free,815893,815893,815893
LIFESTYLE,Free,1118201,1118201,1118201
LIFESTYLE,Free,1133393,1133393,1133393
LIFESTYLE,Free,2789775,2789775,2789775
MAPS_AND_NAVIGATION,Free,286454,286454,286454
MAPS_AND_NAVIGATION,Free,301413,301413,301413
MAPS_AND_NAVIGATION,Free,616742,616742,616742
MAPS_AND_NAVIGATION,Free,617477,617477,617477
MAPS_AND_NAVIGATION,Free,618562,618562,618562
MAPS_AND_NAVIGATION,Free,1421884,1421884,1421884
MAPS_AND_NAVIGATION,Free,4921866,4921866,4921866
MAPS_AND_NAVIGATION,Free,4928420,4928420,4928420
MAPS_AND_NAVIGATION,Free,7231017,7231017,7231017
MAPS_AND_NAVIGATION,Free,7232629,7232629,7232629
NEWS_AND_MAGAZINES,Free,233305,233305,233305
NEWS_AND_MAGAZINES,Free,247992,247992,247992
NEWS_AND_MAGAZINES,Free,249919,249919,249919
NEWS_AND_MAGAZINES,Free,249919,249919,249919
NEWS_AND_MAGAZINES,Free,249919,249919,249919
NEWS_AND_MAGAZINES,Free,256680,256680,256680
NEWS_AND_MAGAZINES,Free,291901,291901,291901
NEWS_AND_MAGAZINES,Free,293080,293080,293080
NEWS_AND_MAGAZINES,Free,293080,293080,293080
NEWS_AND_MAGAZINES,Free,293080,293080,293080
NEWS_AND_MAGAZINES,Free,296781,296781,296781
NEWS_AND_MAGAZINES,Free,296781,296781,296781
NEWS_AND_MAGAZINES,Free,296781,296781,296781
NEWS_AND_MAGAZINES,Free,355921,355921,355921
NEWS_AND_MAGAZINES,Free,357944,357944,357944
NEWS_AND_MAGAZINES,Free,413999,413999,413999
NEWS_AND_MAGAZINES,Free,479594,479594,479594
NEWS_AND_MAGAZINES,Free,522205,522205,522205
NEWS_AND_MAGAZINES,Free,697212,697212,697212
NEWS_AND_MAGAZINES,Free,877635,877635,877635
NEWS_AND_MAGAZINES,Free,877635,877635,877635
NEWS_AND_MAGAZINES,Free,877643,877643,877643
NEWS_AND_MAGAZINES,Free,878065,878065,878065
NEWS_AND_MAGAZINES,Free,948198,948198,948198
NEWS_AND_MAGAZINES,Free,1284017,1284017,1284017
NEWS_AND_MAGAZINES,Free,1284017,1284017,1284017
NEWS_AND_MAGAZINES,Free,1284018,1284018,1284018
NEWS_AND_MAGAZINES,Free,11657972,11657972,11657972
NEWS_AND_MAGAZINES,Free,11667403,11667403,11667403
NEWS_AND_MAGAZINES,Free,11667403,11667403,11667403
PARENTING,Free,658087,658087,658087
PERSONALIZATION,Free,251616,251616,251616
PERSONALIZATION,Free,266401,266401,266401
PERSONALIZATION,Free,266402,266402,266402
PERSONALIZATION,Free,266434,266434,266434
PERSONALIZATION,Free,273994,273994,273994
PERSONALIZATION,Free,290241,290241,290241
PERSONALIZATION,Free,294701,294701,294701
PERSONALIZATION,Free,298321,298321,298321
PERSONALIZATION,Free,484981,484981,484981
PERSONALIZATION,Free,495748,495748,495748
PERSONALIZATION,Free,495905,495905,495905
PERSONALIZATION,Free,512102,512102,512102
PERSONALIZATION,Free,512106,512106,512106
PERSONALIZATION,Free,595120,595120,595120
PERSONALIZATION,Free,624924,624924,624924
PERSONALIZATION,Free,647721,647721,647721
PERSONALIZATION,Free,647844,647844,647844
PERSONALIZATION,Free,649568,649568,649568
PERSONALIZATION,Free,733838,733838,733838
PERSONALIZATION,Free,901110,901110,901110
PERSONALIZATION,Free,1121805,1121805,1121805
PERSONALIZATION,Free,1121805,1121805,1121805
PERSONALIZATION,Free,1141545,1141545,1141545
PERSONALIZATION,Free,1235841,1235841,1235841
PERSONALIZATION,Free,1237135,1237135,1237135
PERSONALIZATION,Free,2390099,2390099,2390099
PERSONALIZATION,Free,2390185,2390185,2390185
PERSONALIZATION,Free,2591610,2591610,2591610
PERSONALIZATION,Free,2591941,2591941,2591941
PERSONALIZATION,Free,3062845,3062845,3062845
PERSONALIZATION,Free,3277209,3277209,3277209
PERSONALIZATION,Free,5783441,5783441,5783441
PERSONALIZATION,Free,6459626,6459626,6459626
PERSONALIZATION,Free,6466641,6466641,6466641
PERSONALIZATION,Free,6466641,6466641,6466641
PERSONALIZATION,Free,6466641,6466641,6466641
PERSONALIZATION,Free,6700847,6700847,6700847
PERSONALIZATION,Free,6702776,6702776,6702776
PERSONALIZATION,Free,7464996,7464996,7464996
PHOTOGRAPHY,Free,221858,221858,221858
PHOTOGRAPHY,Free,221878,221878,221878
PHOTOGRAPHY,Free,223941,223941,223941
PHOTOGRAPHY,Free,233039,233039,233039
PHOTOGRAPHY,Free,240475,240475,240475
PHOTOGRAPHY,Free,240475,240475,240475
PHOTOGRAPHY,Free,240475,240475,240475
PHOTOGRAPHY,Free,244302,244302,244302
PHOTOGRAPHY,Free,244371,244371,244371
PHOTOGRAPHY,Free,251686,251686,251686
PHOTOGRAPHY,Free,251951,251951,251951
PHOTOGRAPHY,Free,251951,251951,251951
PHOTOGRAPHY,Free,259450,259450,259450
PHOTOGRAPHY,Free,267378,267378,267378
PHOTOGRAPHY,Free,285788,285788,285788
PHOTOGRAPHY,Free,307453,307453,307453
PHOTOGRAPHY,Free,316378,316378,316378
PHOTOGRAPHY,Free,329160,329160,329160
PHOTOGRAPHY,Free,346681,346681,346681
PHOTOGRAPHY,Free,351254,351254,351254
PHOTOGRAPHY,Free,351255,351255,351255
PHOTOGRAPHY,Free,373606,373606,373606
PHOTOGRAPHY,Free,401820,401820,401820
PHOTOGRAPHY,Free,420973,420973,420973
PHOTOGRAPHY,Free,462152,462152,462152
PHOTOGRAPHY,Free,462702,462702,462702
PHOTOGRAPHY,Free,477831,477831,477831
PHOTOGRAPHY,Free,512996,512996,512996
PHOTOGRAPHY,Free,527247,527247,527247
PHOTOGRAPHY,Free,527248,527248,527248
PHOTOGRAPHY,Free,542561,542561,542561
PHOTOGRAPHY,Free,559931,559931,559931
PHOTOGRAPHY,Free,597068,597068,597068
PHOTOGRAPHY,Free,626366,626366,626366
PHOTOGRAPHY,Free,635846,635846,635846
PHOTOGRAPHY,Free,654418,654418,654418
PHOTOGRAPHY,Free,654419,654419,654419
PHOTOGRAPHY,Free,714340,714340,714340
PHOTOGRAPHY,Free,751766,751766,751766
PHOTOGRAPHY,Free,753115,753115,753115
PHOTOGRAPHY,Free,758780,758780,758780
PHOTOGRAPHY,Free,811693,811693,811693
PHOTOGRAPHY,Free,811714,811714,811714
PHOTOGRAPHY,Free,819694,819694,819694
PHOTOGRAPHY,Free,819774,819774,819774
PHOTOGRAPHY,Free,823109,823109,823109
PHOTOGRAPHY,Free,847144,847144,847144
PHOTOGRAPHY,Free,847159,847159,847159
PHOTOGRAPHY,Free,847159,847159,847159
PHOTOGRAPHY,Free,852649,852649,852649
PHOTOGRAPHY,Free,914804,914804,914804
PHOTOGRAPHY,Free,914917,914917,914917
PHOTOGRAPHY,Free,928720,928720,928720
PHOTOGRAPHY,Free,972574,972574,972574
PHOTOGRAPHY,Free,1017237,1017237,1017237
PHOTOGRAPHY,Free,1028637,1028637,1028637
PHOTOGRAPHY,Free,1075016,1075016,1075016
PHOTOGRAPHY,Free,1075277,1075277,1075277
PHOTOGRAPHY,Free,1159058,1159058,1159058
PHOTOGRAPHY,Free,1163232,1163232,1163232
PHOTOGRAPHY,Free,1260143,1260143,1260143
PHOTOGRAPHY,Free,1451000,1451000,1451000
PHOTOGRAPHY,Free,1490722,1490722,1490722
PHOTOGRAPHY,Free,1490732,1490732,1490732
PHOTOGRAPHY,Free,1494491,1494491,1494491
PHOTOGRAPHY,Free,1517369,1517369,1517369
PHOTOGRAPHY,Free,1517395,1517395,1517395
PHOTOGRAPHY,Free,1519671,1519671,1519671
PHOTOGRAPHY,Free,1536512,1536512,1536512
PHOTOGRAPHY,Free,1579287,1579287,1579287
PHOTOGRAPHY,Free,1579287,1579287,1579287
PHOTOGRAPHY,Free,1579343,1579343,1579343
PHOTOGRAPHY,Free,1656808,1656808,1656808
PHOTOGRAPHY,Free,1871416,1871416,1871416
PHOTOGRAPHY,Free,1871421,1871421,1871421
PHOTOGRAPHY,Free,2163282,2163282,2163282
PHOTOGRAPHY,Free,2418135,2418135,2418135
PHOTOGRAPHY,Free,2418135,2418135,2418135
PHOTOGRAPHY,Free,2418158,2418158,2418158
PHOTOGRAPHY,Free,2418165,2418165,2418165
PHOTOGRAPHY,Free,3156484,3156484,3156484
PHOTOGRAPHY,Free,3157936,3157936,3157936
PHOTOGRAPHY,Free,3158047,3158047,3158047
PHOTOGRAPHY,Free,3158151,3158151,3158151
PHOTOGRAPHY,Free,3158151,3158151,3158151
PHOTOGRAPHY,Free,3337952,3337952,3337952
PHOTOGRAPHY,Free,3337956,3337956,3337956
PHOTOGRAPHY,Free,3368646,3368646,3368646
PHOTOGRAPHY,Free,3368649,3368649,3368649
PHOTOGRAPHY,Free,3368705,3368705,3368705
PHOTOGRAPHY,Free,4865093,4865093,4865093
PHOTOGRAPHY,Free,4865107,4865107,4865107
PHOTOGRAPHY,Free,4865132,4865132,4865132
PHOTOGRAPHY,Free,5276983,5276983,5276983
PHOTOGRAPHY,Free,5282558,5282558,5282558
PHOTOGRAPHY,Free,5282578,5282578,5282578
PHOTOGRAPHY,Free,6120977,6120977,6120977
PHOTOGRAPHY,Free,7529865,7529865,7529865
PHOTOGRAPHY,Free,7590099,7590099,7590099
PHOTOGRAPHY,Free,7594559,7594559,7594559
PHOTOGRAPHY,Free,10847682,10847682,10847682
PHOTOGRAPHY,Free,10858538,10858538,10858538
PHOTOGRAPHY,Free,10858556,10858556,10858556
PHOTOGRAPHY,Free,10859051,10859051,10859051
PRODUCTIVITY,Free,226295,226295,226295
PRODUCTIVITY,Free,226295,226295,226295
PRODUCTIVITY,Free,226453,226453,226453
PRODUCTIVITY,Free,226456,226456,226456
PRODUCTIVITY,Free,226456,226456,226456
PRODUCTIVITY,Free,228755,228755,228755
PRODUCTIVITY,Free,228794,228794,228794
PRODUCTIVITY,Free,244567,244567,244567
PRODUCTIVITY,Free,253155,253155,253155
PRODUCTIVITY,Free,267042,267042,267042
PRODUCTIVITY,Free,267189,267189,267189
PRODUCTIVITY,Free,277794,277794,277794
PRODUCTIVITY,Free,282460,282460,282460
PRODUCTIVITY,Free,287250,287250,287250
PRODUCTIVITY,Free,298843,298843,298843
PRODUCTIVITY,Free,298854,298854,298854
PRODUCTIVITY,Free,298854,298854,298854
PRODUCTIVITY,Free,349151,349151,349151
PRODUCTIVITY,Free,404610,404610,404610
PRODUCTIVITY,Free,404610,404610,404610
PRODUCTIVITY,Free,404617,404617,404617
PRODUCTIVITY,Free,427185,427185,427185
PRODUCTIVITY,Free,480638,480638,480638
PRODUCTIVITY,Paid,480640,480640,480640
PRODUCTIVITY,Paid,480643,480643,480643
PRODUCTIVITY,Free,496397,496397,496397
PRODUCTIVITY,Free,496399,496399,496399
PRODUCTIVITY,Free,536926,536926,536926
PRODUCTIVITY,Free,549214,549214,549214
PRODUCTIVITY,Free,549900,549900,549900
PRODUCTIVITY,Free,549900,549900,549900
PRODUCTIVITY,Free,549973,549973,549973
PRODUCTIVITY,Free,564759,564759,564759
PRODUCTIVITY,Free,574719,574719,574719
PRODUCTIVITY,Free,577059,577059,577059
PRODUCTIVITY,Free,609182,609182,609182
PRODUCTIVITY,Free,618796,618796,618796
PRODUCTIVITY,Free,618798,618798,618798
PRODUCTIVITY,Free,691474,691474,691474
PRODUCTIVITY,Free,691474,691474,691474
PRODUCTIVITY,Free,691474,691474,691474
PRODUCTIVITY,Free,691474,691474,691474
PRODUCTIVITY,Free,815974,815974,815974
PRODUCTIVITY,Free,815974,815974,815974
PRODUCTIVITY,Free,815981,815981,815981
PRODUCTIVITY,Free,858208,858208,858208
PRODUCTIVITY,Free,858227,858227,858227
PRODUCTIVITY,Free,858230,858230,858230
PRODUCTIVITY,Free,870928,870928,870928
PRODUCTIVITY,Free,1038303,1038303,1038303
PRODUCTIVITY,Free,1038306,1038306,1038306
PRODUCTIVITY,Free,1048766,1048766,1048766
PRODUCTIVITY,Free,1079491,1079491,1079491
PRODUCTIVITY,Free,1079616,1079616,1079616
PRODUCTIVITY,Free,1092367,1092367,1092367
PRODUCTIVITY,Free,1188154,1188154,1188154
PRODUCTIVITY,Free,1488289,1488289,1488289
PRODUCTIVITY,Free,1488396,1488396,1488396
PRODUCTIVITY,Free,1488396,1488396,1488396
PRODUCTIVITY,Free,1488397,1488397,1488397
PRODUCTIVITY,Free,1498393,1498393,1498393
PRODUCTIVITY,Free,1502622,1502622,1502622
PRODUCTIVITY,Free,1507205,1507205,1507205
PRODUCTIVITY,Free,1508137,1508137,1508137
PRODUCTIVITY,Free,1827212,1827212,1827212
PRODUCTIVITY,Free,1860844,1860844,1860844
PRODUCTIVITY,Free,1861309,1861309,1861309
PRODUCTIVITY,Free,1861310,1861310,1861310
PRODUCTIVITY,Free,2078744,2078744,2078744
PRODUCTIVITY,Free,2084125,2084125,2084125
PRODUCTIVITY,Free,2084126,2084126,2084126
PRODUCTIVITY,Free,2401017,2401017,2401017
PRODUCTIVITY,Free,2401017,2401017,2401017
PRODUCTIVITY,Free,2728941,2728941,2728941
PRODUCTIVITY,Free,2731171,2731171,2731171
PRODUCTIVITY,Free,2731211,2731211,2731211
PRODUCTIVITY,Free,2731211,2731211,2731211
PRODUCTIVITY,Free,2764964,2764964,2764964
PRODUCTIVITY,Free,3014548,3014548,3014548
PRODUCTIVITY,Free,3016297,3016297,3016297
PRODUCTIVITY,Free,3016305,3016305,3016305
PRODUCTIVITY,Free,3249518,3249518,3249518
PRODUCTIVITY,Free,3252896,3252896,3252896
PRODUCTIVITY,Free,5378795,5378795,5378795
PRODUCTIVITY,Free,5383971,5383971,5383971
PRODUCTIVITY,Free,5383985,5383985,5383985
SHOPPING,Free,244141,244141,244141
SHOPPING,Free,245104,245104,245104
SHOPPING,Free,279428,279428,279428
SHOPPING,Free,284721,284721,284721
SHOPPING,Free,284725,284725,284725
SHOPPING,Free,308234,308234,308234
SHOPPING,Free,315908,315908,315908
SHOPPING,Free,315908,315908,315908
SHOPPING,Free,318142,318142,318142
SHOPPING,Free,367290,367290,367290
SHOPPING,Free,385764,385764,385764
SHOPPING,Free,441473,441473,441473
SHOPPING,Free,441473,441473,441473
SHOPPING,Free,568273,568273,568273
SHOPPING,Free,591312,591312,591312
SHOPPING,Free,608753,608753,608753
SHOPPING,Free,609186,609186,609186
SHOPPING,Free,662287,662287,662287
SHOPPING,Free,857923,857923,857923
SHOPPING,Free,908525,908525,908525
SHOPPING,Free,909204,909204,909204
SHOPPING,Free,909226,909226,909226
SHOPPING,Free,972256,972256,972256
SHOPPING,Free,973270,973270,973270
SHOPPING,Free,1084945,1084945,1084945
SHOPPING,Free,1315242,1315242,1315242
SHOPPING,Free,1370749,1370749,1370749
SHOPPING,Free,1370749,1370749,1370749
SHOPPING,Free,1370749,1370749,1370749
SHOPPING,Free,1371082,1371082,1371082
SHOPPING,Free,1573054,1573054,1573054
SHOPPING,Free,2788460,2788460,2788460
SHOPPING,Free,2788923,2788923,2788923
SHOPPING,Free,2788923,2788923,2788923
SHOPPING,Free,2788923,2788923,2788923
SHOPPING,Free,2788923,2788923,2788923
SHOPPING,Free,3860225,3860225,3860225
SHOPPING,Free,5911055,5911055,5911055
SHOPPING,Free,5916569,5916569,5916569
SHOPPING,Free,5916606,5916606,5916606
SHOPPING,Free,5917485,5917485,5917485
SHOPPING,Free,6003590,6003590,6003590
SHOPPING,Free,6012719,6012719,6012719
SHOPPING,Free,6200739,6200739,6200739
SHOPPING,Free,6210998,6210998,6210998
SHOPPING,Free,6211039,6211039,6211039
SHOPPING,Free,6211039,6211039,6211039
SHOPPING,Free,6212081,6212081,6212081
SOCIAL,Free,225103,225103,225103
SOCIAL,Free,228737,228737,228737
SOCIAL,Free,231325,231325,231325
SOCIAL,Free,231446,231446,231446
SOCIAL,Free,271445,271445,271445
SOCIAL,Free,273244,273244,273244
SOCIAL,Free,284795,284795,284795
SOCIAL,Free,285816,285816,285816
SOCIAL,Free,285820,285820,285820
SOCIAL,Free,305367,305367,305367
SOCIAL,Free,309872,309872,309872
SOCIAL,Free,313403,313403,313403
SOCIAL,Free,313633,313633,313633
SOCIAL,Free,315390,315390,315390
SOCIAL,Free,315441,315441,315441
SOCIAL,Free,344921,344921,344921
SOCIAL,Free,382120,382120,382120
SOCIAL,Free,382121,382121,382121
SOCIAL,Free,412725,412725,412725
SOCIAL,Free,412888,412888,412888
SOCIAL,Free,423105,423105,423105
SOCIAL,Free,423138,423138,423138
SOCIAL,Free,423138,423138,423138
SOCIAL,Free,441189,441189,441189
SOCIAL,Free,441189,441189,441189
SOCIAL,Free,456866,456866,456866
SOCIAL,Free,457197,457197,457197
SOCIAL,Free,479908,479908,479908
SOCIAL,Free,479909,479909,479909
SOCIAL,Free,479939,479939,479939
SOCIAL,Free,486824,486824,486824
SOCIAL,Free,486830,486830,486830
SOCIAL,Free,522018,522018,522018
SOCIAL,Free,540930,540930,540930
SOCIAL,Free,624557,624557,624557
SOCIAL,Free,637254,637254,637254
SOCIAL,Free,637309,637309,637309
SOCIAL,Free,695576,695576,695576
SOCIAL,Free,695613,695613,695613
SOCIAL,Free,852455,852455,852455
SOCIAL,Free,852455,852455,852455
SOCIAL,Free,896118,896118,896118
SOCIAL,Free,900064,900064,900064
SOCIAL,Free,900064,900064,900064
SOCIAL,Free,1064049,1064049,1064049
SOCIAL,Free,1064076,1064076,1064076
SOCIAL,Free,1157003,1157003,1157003
SOCIAL,Free,1157004,1157004,1157004
SOCIAL,Free,1175188,1175188,1175188
SOCIAL,Free,1175794,1175794,1175794
SOCIAL,Free,1175815,1175815,1175815
SOCIAL,Free,1225339,1225339,1225339
SOCIAL,Free,1225367,1225367,1225367
SOCIAL,Free,1259075,1259075,1259075
SOCIAL,Free,1259723,1259723,1259723
SOCIAL,Free,1259849,1259849,1259849
SOCIAL,Free,1259894,1259894,1259894
SOCIAL,Free,1259894,1259894,1259894
SOCIAL,Free,1259894,1259894,1259894
SOCIAL,Free,1264084,1264084,1264084
SOCIAL,Free,1520959,1520959,1520959
SOCIAL,Free,2349421,2349421,2349421
SOCIAL,Free,2953886,2953886,2953886
SOCIAL,Free,2955325,2955325,2955325
SOCIAL,Free,2955326,2955326,2955326
SOCIAL,Free,3781467,3781467,3781467
SOCIAL,Free,3781770,3781770,3781770
SOCIAL,Free,3781770,3781770,3781770
SOCIAL,Free,3781770,3781770,3781770
SOCIAL,Free,3806669,3806669,3806669
SOCIAL,Free,3806669,3806669,3806669
SOCIAL,Free,4300936,4300936,4300936
SOCIAL,Free,4305441,4305441,4305441
SOCIAL,Free,4305441,4305441,4305441
SOCIAL,Free,4828372,4828372,4828372
SOCIAL,Free,4831125,4831125,4831125
SOCIAL,Free,5637451,5637451,5637451
SOCIAL,Free,5793284,5793284,5793284
SOCIAL,Free,8595964,8595964,8595964
SOCIAL,Free,8606259,8606259,8606259
SOCIAL,Free,17000166,17000166,17000166
SOCIAL,Free,17014705,17014705,17014705
SOCIAL,Free,17014787,17014787,17014787
SOCIAL,Free,17015352,17015352,17015352
SOCIAL,Free,66509917,66509917,66509917
SOCIAL,Free,66577313,66577313,66577313
SOCIAL,Free,66577313,66577313,66577313
SOCIAL,Free,66577446,66577446,66577446
SOCIAL,Free,78128208,78128208,78128208
SOCIAL,Free,78158306,78158306,78158306
SPORTS,Free,221722,221722,221722
SPORTS,Free,232423,232423,232423
SPORTS,Free,242096,242096,242096
SPORTS,Free,277900,277900,277900
SPORTS,Free,277902,277902,277902
SPORTS,Free,277904,277904,277904
SPORTS,Free,277904,277904,277904
SPORTS,Free,277939,277939,277939
SPORTS,Free,282727,282727,282727
SPORTS,Free,283662,283662,283662
SPORTS,Free,288809,288809,288809
SPORTS,Free,288809,288809,288809
SPORTS,Free,288809,288809,288809
SPORTS,Free,288809,288809,288809
SPORTS,Free,342909,342909,342909
SPORTS,Free,342912,342912,342912
SPORTS,Free,410384,410384,410384
SPORTS,Free,410395,410395,410395
SPORTS,Free,459795,459795,459795
SPORTS,Free,459795,459795,459795
SPORTS,Free,459797,459797,459797
SPORTS,Free,521081,521081,521081
SPORTS,Free,521138,521138,521138
SPORTS,Free,521138,521138,521138
SPORTS,Free,521138,521138,521138
SPORTS,Free,521140,521140,521140
SPORTS,Free,521140,521140,521140
SPORTS,Free,521140,521140,521140
SPORTS,Free,585564,585564,585564
SPORTS,Free,652940,652940,652940
SPORTS,Free,666246,666246,666246
SPORTS,Free,666521,666521,666521
SPORTS,Free,783025,783025,783025
SPORTS,Free,820577,820577,820577
SPORTS,Free,838738,838738,838738
SPORTS,Free,838765,838765,838765
SPORTS,Free,867920,867920,867920
SPORTS,Free,911995,911995,911995
SPORTS,Free,989344,989344,989344
SPORTS,Free,1008012,1008012,1008012
SPORTS,Free,1076243,1076243,1076243
SPORTS,Free,1312936,1312936,1312936
SPORTS,Free,1605267,1605267,1605267
SPORTS,Free,1690802,1690802,1690802
SPORTS,Free,1721943,1721943,1721943
SPORTS,Free,2371338,2371338,2371338
SPORTS,Free,3451011,3451011,3451011
SPORTS,Free,3909032,3909032,3909032
SPORTS,Free,9873470,9873470,9873470
SPORTS,Free,14184910,14184910,14184910
TOOLS,Free,225544,225544,225544
TOOLS,Free,227798,227798,227798
TOOLS,Free,262076,262076,262076
TOOLS,Free,271908,271908,271908
TOOLS,Free,273283,273283,273283
TOOLS,Free,295430,295430,295430
TOOLS,Free,315585,315585,315585
TOOLS,Free,327914,327914,327914
TOOLS,Free,330468,330468,330468
TOOLS,Free,335115,335115,335115
TOOLS,Free,337242,337242,337242
TOOLS,Free,337532,337532,337532
TOOLS,Free,338449,338449,338449
TOOLS,Free,342336,342336,342336
TOOLS,Free,351267,351267,351267
TOOLS,Free,352097,352097,352097
TOOLS,Free,372553,372553,372553
TOOLS,Free,387958,387958,387958
TOOLS,Free,410303,410303,410303
TOOLS,Free,420518,420518,420518
TOOLS,Free,428581,428581,428581
TOOLS,Free,429580,429580,429580
TOOLS,Free,436615,436615,436615
TOOLS,Free,465831,465831,465831
TOOLS,Free,472904,472904,472904
TOOLS,Free,474439,474439,474439
TOOLS,Free,482630,482630,482630
TOOLS,Free,495971,495971,495971
TOOLS,Free,498894,498894,498894
TOOLS,Free,537554,537554,537554
TOOLS,Free,569727,569727,569727
TOOLS,Free,576454,576454,576454
TOOLS,Free,594406,594406,594406
TOOLS,Free,618918,618918,618918
TOOLS,Free,648380,648380,648380
TOOLS,Free,669901,669901,669901
TOOLS,Free,679912,679912,679912
TOOLS,Free,739329,739329,739329
TOOLS,Free,745245,745245,745245
TOOLS,Free,799206,799206,799206
TOOLS,Free,801054,801054,801054
TOOLS,Free,857215,857215,857215
TOOLS,Free,876866,876866,876866
TOOLS,Free,885187,885187,885187
TOOLS,Free,894435,894435,894435
TOOLS,Free,951413,951413,951413
TOOLS,Free,953790,953790,953790
TOOLS,Free,1028794,1028794,1028794
TOOLS,Free,1072565,1072565,1072565
TOOLS,Free,1094094,1094094,1094094
TOOLS,Free,1107320,1107320,1107320
TOOLS,Free,1116393,1116393,1116393
TOOLS,Free,1170641,1170641,1170641
TOOLS,Free,1251479,1251479,1251479
TOOLS,Free,1279109,1279109,1279109
TOOLS,Free,1280423,1280423,1280423
TOOLS,Free,1335799,1335799,1335799
TOOLS,Free,1648515,1648515,1648515
TOOLS,Free,1855262,1855262,1855262
TOOLS,Free,1859109,1859109,1859109
TOOLS,Free,1859115,1859115,1859115
TOOLS,Free,2246379,2246379,2246379
TOOLS,Free,2598579,2598579,2598579
TOOLS,Free,2674051,2674051,2674051
TOOLS,Free,3090680,3090680,3090680
TOOLS,Free,3090727,3090727,3090727
TOOLS,Free,4254879,4254879,4254879
TOOLS,Free,4594198,4594198,4594198
TOOLS,Free,4931562,4931562,4931562
TOOLS,Free,4934130,4934130,4934130
TOOLS,Free,5180480,5180480,5180480
TOOLS,Free,5741684,5741684,5741684
TOOLS,Free,5745093,5745093,5745093
TOOLS,Free,6207063,6207063,6207063
TOOLS,Free,7775146,7775146,7775146
TOOLS,Free,7790693,7790693,7790693
TOOLS,Free,8021623,8021623,8021623
TOOLS,Free,8033493,8033493,8033493
TOOLS,Free,8190074,8190074,8190074
TOOLS,Free,12759663,12759663,12759663
TOOLS,Free,12759815,12759815,12759815
TOOLS,Free,13479633,13479633,13479633
TOOLS,Free,16771865,16771865,16771865
TOOLS,Free,24900999,24900999,24900999
TOOLS,Free,42916526,42916526,42916526
TRAVEL_AND_LOCAL,Free,251037,251037,251037
TRAVEL_AND_LOCAL,Free,260121,260121,260121
TRAVEL_AND_LOCAL,Free,260133,260133,260133
TRAVEL_AND_LOCAL,Free,263525,263525,263525
TRAVEL_AND_LOCAL,Free,359403,359403,359403
TRAVEL_AND_LOCAL,Free,359560,359560,359560
TRAVEL_AND_LOCAL,Free,397422,397422,397422
TRAVEL_AND_LOCAL,Free,421800,421800,421800
TRAVEL_AND_LOCAL,Free,459851,459851,459851
TRAVEL_AND_LOCAL,Free,481545,481545,481545
TRAVEL_AND_LOCAL,Free,481546,481546,481546
TRAVEL_AND_LOCAL,Free,481546,481546,481546
TRAVEL_AND_LOCAL,Free,481546,481546,481546
TRAVEL_AND_LOCAL,Free,481546,481546,481546
TRAVEL_AND_LOCAL,Free,599872,599872,599872
TRAVEL_AND_LOCAL,Free,620534,620534,620534
TRAVEL_AND_LOCAL,Free,751551,751551,751551
TRAVEL_AND_LOCAL,Free,768833,768833,768833
TRAVEL_AND_LOCAL,Free,932870,932870,932870
TRAVEL_AND_LOCAL,Free,1162331,1162331,1162331
TRAVEL_AND_LOCAL,Free,1162837,1162837,1162837
TRAVEL_AND_LOCAL,Free,1162837,1162837,1162837
TRAVEL_AND_LOCAL,Free,1162837,1162837,1162837
TRAVEL_AND_LOCAL,Free,1162838,1162838,1162838
TRAVEL_AND_LOCAL,Free,1830387,1830387,1830387
TRAVEL_AND_LOCAL,Free,1830388,1830388,1830388
TRAVEL_AND_LOCAL,Free,1830388,1830388,1830388
TRAVEL_AND_LOCAL,Free,2129689,2129689,2129689
TRAVEL_AND_LOCAL,Free,2129707,2129707,2129707
TRAVEL_AND_LOCAL,Free,2338655,2338655,2338655
TRAVEL_AND_LOCAL,Free,2339098,2339098,2339098
TRAVEL_AND_LOCAL,Free,9231613,9231613,9231613
TRAVEL_AND_LOCAL,Free,9235155,9235155,9235155
TRAVEL_AND_LOCAL,Free,9235373,9235373,9235373
VIDEO_PLAYERS,Free,238459,238459,238459
VIDEO_PLAYERS,Free,239242,239242,239242
VIDEO_PLAYERS,Free,253207,253207,253207
VIDEO_PLAYERS,Free,258277,258277,258277
VIDEO_PLAYERS,Free,259003,259003,259003
VIDEO_PLAYERS,Free,259605,259605,259605
VIDEO_PLAYERS,Free,326232,326232,326232
VIDEO_PLAYERS,Free,332623,332623,332623
VIDEO_PLAYERS,Free,351168,351168,351168
VIDEO_PLAYERS,Free,381023,381023,381023
VIDEO_PLAYERS,Free,430643,430643,430643
VIDEO_PLAYERS,Free,436170,436170,436170
VIDEO_PLAYERS,Free,436921,436921,436921
VIDEO_PLAYERS,Free,504823,504823,504823
VIDEO_PLAYERS,Free,641219,641219,641219
VIDEO_PLAYERS,Free,696665,696665,696665
VIDEO_PLAYERS,Free,712737,712737,712737
VIDEO_PLAYERS,Free,714665,714665,714665
VIDEO_PLAYERS,Free,751911,751911,751911
VIDEO_PLAYERS,Free,906384,906384,906384
VIDEO_PLAYERS,Free,921868,921868,921868
VIDEO_PLAYERS,Free,953894,953894,953894
VIDEO_PLAYERS,Free,960726,960726,960726
VIDEO_PLAYERS,Free,1013867,1013867,1013867
VIDEO_PLAYERS,Free,1031045,1031045,1031045
VIDEO_PLAYERS,Free,1032076,1032076,1032076
VIDEO_PLAYERS,Free,1615418,1615418,1615418
VIDEO_PLAYERS,Free,1615596,1615596,1615596
VIDEO_PLAYERS,Free,1971777,1971777,1971777
VIDEO_PLAYERS,Free,2588730,2588730,2588730
VIDEO_PLAYERS,Free,4016834,4016834,4016834
VIDEO_PLAYERS,Free,6469179,6469179,6469179
VIDEO_PLAYERS,Free,6474426,6474426,6474426
VIDEO_PLAYERS,Free,6474672,6474672,6474672
VIDEO_PLAYERS,Free,9879473,9879473,9879473
VIDEO_PLAYERS,Free,25623548,25623548,25623548
VIDEO_PLAYERS,Free,25655305,25655305,25655305
WEATHER,Free,260137,260137,260137
WEATHER,Free,279917,279917,279917
WEATHER,Free,309617,309617,309617
WEATHER,Free,981995,981995,981995
WEATHER,Free,1312037,1312037,1312037
WEATHER,Free,1422858,1422858,1422858
WEATHER,Free,1558437,1558437,1558437
WEATHER,Free,2052407,2052407,2052407
WEATHER,Free,2053404,2053404,2053404
WEATHER,Free,2371543,2371543,2371543